"slug","name","category","price_kes","price_type","description"
"business-cards","Business Cards","Business & Corporate","12","from",""
"letterheads","Letterheads","Business & Corporate","20","from",""
"envelopes","Envelopes","Business & Corporate","25","from",""
"receipt-books","Receipt Books","Business & Corporate","350","from",""
"presentation-folders","Presentation Folders","Business & Corporate","150","from",""
"certificates","Certificates","Business & Corporate","80","from",""
"corporate-stationery","Corporate Stationery","Business & Corporate","500","from",""
"gift-vouchers","Gift Vouchers","Business & Corporate","60","from",""
"bookmarks","Bookmarks","Business & Corporate","19","from",""
"postcards","Postcards","Business & Corporate","25","from",""
"flyers","Flyers","Flyers, Brochures & Posters","20","from",""
"posters","Posters","Flyers, Brochures & Posters","300","from",""
"brochures","Brochures","Flyers, Brochures & Posters","60","from",""
"menus","Menus","Flyers, Brochures & Posters","600","from",""
"programmes","Programmes","Flyers, Brochures & Posters","100","from",""
"x-banners","X-Banners","Banners & Large Format","4500","from",""
"roll-up-banners","Roll-Up Banners","Banners & Large Format","8500","from",""
"l-banners","L-Banners","Banners & Large Format","3500","from",""
"backdrops","Backdrops","Banners & Large Format","27000","from",""
"media-walls","Media Walls","Banners & Large Format","30000","from",""
"vinyl-banners","Vinyl Banners","Banners & Large Format","1200","from",""
"large-format-printing","Large Format Printing","Banners & Large Format","800","from",""
"wheel-cover-printing","Wheel Cover Printing","Banners & Large Format","5500","from",""
"other-large-format-materials","Other Large Format Materials","Banners & Large Format","1500","from",""
"wedding-cards","Wedding Cards","Events & Occasions","80","from",""
"invitation-cards","Invitation Cards","Events & Occasions","50","from",""
"funeral-programmes","Funeral Programmes","Events & Occasions","150","from",""
"event-programmes","Event Programmes","Events & Occasions","100","from",""
"new-baby-cards","New Baby Cards","Events & Occasions","35","from",""
"name-tags","Name Tags","Events & Occasions","80","from",""
"tent-cards","Tent Cards","Events & Occasions","60","from",""
"table-materials","Table Materials","Events & Occasions","200","from",""
"event-display-materials","Event Display Materials","Events & Occasions","2500","from",""
"branded-t-shirts","Branded T-Shirts","Apparel & Wearable Branding","1000","from",""
"polo-shirts","Polo Shirts","Apparel & Wearable Branding","1200","from",""
"hoodies","Hoodies","Apparel & Wearable Branding","2700","from",""
"jerseys","Jerseys","Apparel & Wearable Branding","1492","from",""
"caps","Caps","Apparel & Wearable Branding","600","from",""
"aprons","Aprons","Apparel & Wearable Branding","900","from",""
"reflector-jackets","Reflector Jackets","Apparel & Wearable Branding","380","from",""
"other-wearable-branding","Other Wearable Branding","Apparel & Wearable Branding","1000","from",""
"stickers","Stickers","Stickers, Labels & Decals","4","from",""
"product-labels","Product Labels","Stickers, Labels & Decals","5","from",""
"vinyl-stickers","Vinyl Stickers","Stickers, Labels & Decals","30","from",""
"reflective-stickers","Reflective Stickers","Stickers, Labels & Decals","150","from",""
"floor-stickers","Floor Stickers","Stickers, Labels & Decals","600","from",""
"car-stickers","Car Stickers","Stickers, Labels & Decals","1260","from",""
"bike-stickers","Bike Stickers","Stickers, Labels & Decals","300","from",""
"custom-labels","Custom Labels","Stickers, Labels & Decals","5","from",""
"door-signs","Door Signs","Signage","800","from",""
"door-plates","Door Plates","Signage","1250","from",""
"rigid-signs","Rigid Signs","Signage","3500","from",""
"3d-signs","3D Signs","Signage","6000","from",""
"printed-signs","Printed Signs","Signage","1500","from",""
"business-signage","Business Signage","Signage","8000","from",""
"custom-signage","Custom Signage","Signage","5000","from",""
"branded-pens","Branded Pens","Promotional Products","80","from",""
"keyholders","Keyholders","Promotional Products","150","from",""
"mousepads","Mousepads","Promotional Products","450","from",""
"tote-bags","Tote Bags","Promotional Products","400","from",""
"drawstring-bags","Drawstring Bags","Promotional Products","250","from",""
"umbrellas","Umbrellas","Promotional Products","900","from",""
"promotional-merchandise","Promotional Merchandise","Promotional Products","500","from",""
"branded-mugs","Branded Mugs","Mugs & Drinkware","420","from",""
"enamel-mugs","Enamel Mugs","Mugs & Drinkware","850","from",""
"thermal-mugs","Thermal Mugs","Mugs & Drinkware","1300","from",""
"flasks","Flasks","Mugs & Drinkware","1500","from",""
"water-bottles","Water Bottles","Mugs & Drinkware","850","from",""
"other-branded-drinkware","Other Branded Drinkware","Mugs & Drinkware","700","from",""
"kraft-bags","Kraft Bags","Packaging","150","from",""
"jute-bags","Jute Bags","Packaging","1250","from",""
"branded-bags","Branded Bags","Packaging","200","from",""
"packaging-boxes","Packaging Boxes","Packaging","45","from",""
"product-packaging","Product Packaging","Packaging","100","from",""
"photo-printing","Photo Printing","Photos & Framing","25","from",""
"passport-photos","Passport Photos","Photos & Framing","150","fixed",""
"mounted-photos","Mounted Photos","Photos & Framing","796","from",""
"photo-framing","Photo Framing","Photos & Framing","1600","from",""
"canvas-printing","Canvas Printing","Photos & Framing","5500","from",""
"book-printing","Book Printing","Books, Booklets & Binding","500","from",""
"booklets","Booklets","Books, Booklets & Binding","200","from",""
"magazines","Magazines","Books, Booklets & Binding","300","from",""
"catalogues","Catalogues","Books, Booklets & Binding","250","from",""
"spiral-binding","Spiral Binding","Books, Booklets & Binding","150","from",""
"binding-finishing","Binding & Finishing","Books, Booklets & Binding","200","from",""
"calendars","Calendars","Stationery","350","from",""
"diaries","Diaries","Stationery","600","from",""
"notebooks","Notebooks","Stationery","250","from",""
"planners","Planners","Stationery","950","from",""
"custom-stationery","Custom Stationery","Stationery","500","from",""
"document-printing","Document Printing","Digital & Document Services","10","from",""
"photocopying","Photocopying","Digital & Document Services","5","from",""
"typesetting","Typesetting","Digital & Document Services","200","from",""
"scanning","Scanning","Digital & Document Services","20","from",""
"binding","Binding","Digital & Document Services","150","from",""
"lamination","Lamination","Digital & Document Services","30","from",""
"computer-services","Computer Services","Digital & Document Services","100","from",""
"cyber-services","Cyber Services","Digital & Document Services","50","from",""
"logo-design","Logo Design","Graphic Design","3000","from",""
"business-material-design","Business Material Design","Graphic Design","1500","from",""
"poster-design","Poster Design","Graphic Design","1000","from",""
"flyer-design","Flyer Design","Graphic Design","800","from",""
"invitation-design","Invitation Design","Graphic Design","1000","from",""
"social-media-graphics","Social Media Graphics","Graphic Design","500","from",""
"other-graphic-design-services","Other Graphic Design Services","Graphic Design","500","from",""
